id,label
3519864665,0
4896119055,0
3468473862,0
4120853942,0
4436083254,0
4687941690,0
6041476795,0
8431249158,0
8564707991,1
3259293162,1
463023075,1
431342369,0
5897189704,0
9786953263,0
3659775055,0
1165599373,0
7888648880,0
3292833946,0
2430080122,0
11607742766,1
4276264558,0
3679475969,0
5770083797,1
474407409,1
3742284697,0
3040024164,0
5367639912,0
5582123335,0
5288729524,1
9271464598,1
7630400444,1
6046276987,0
5693375794,1
8670298173,0
5760109328,1
3448401855,0
8369234072,1
8079698787,0
1095219585,0
393569678,0
7508457002,0
495787837,0
5313981901,0
2188949674,0
5591350008,0
4376252683,0
3693109000,0
5721286426,0
3551204322,1
2673061354,0
940184138,1
4030312147,1
2087080014,1
6158660250,1
96627027,1
5704428047,1
7005004869,1
4140356262,0
1817521999,0
5004564071,1
8315713461,0
388545542,1
4551251867,0
8576707204,0
6366383963,0
10113485663,0
11713359823,0
161549809,0
12249212616,0
3643814133,1
3562706180,0
7128242087,0
2187865255,0
4748506474,0
5356438428,1
4170575404,0
23613184,0
21969907,0
1926638518,0
2630984733,0
3749201399,0
3980118300,0
3222980740,0
1050158687,0
23140998,0
2584401387,0
2857616551,1
3361152728,0
2880338116,0
5481894313,0
288597676,0
6109872789,0
3268633362,0
203588417,1
9051116493,0
3972231325,0
5287305268,0
4613249379,0
2971614414,0
8481483983,0
469616765,0
6213060728,0
10933651284,0
6363221023,0
245364195,0
4971628126,0
7291591550,0
1087449616,0
5341274635,1
10357127206,0
632961343,1
1175777923,1
5513887726,0
223921592,0
344721353,0
6024211525,0
1755814917,1
8138914964,0
4163599336,0
3694869430,0
3881009004,0
4305349478,1
3112647034,0
6121638,0
5184074373,0
299580685,0
2832611004,1
4705442226,1
4576039913,1
436257357,1
200249877,0
2165087150,0
3487057992,1
3670310053,1
2381097829,0
75311196,0
8138710684,1
3936773992,0
3530136533,0
5138646948,0
8238243343,1
3952876148,0
13203372735,0
2577229444,0
5487537254,0
5152499746,1
4893861695,0
2739973241,1
3017045347,1
12589129153,1
9782950315,0
4943365668,0
4710024737,0
202277006,0
13989148346,0
9429342526,0
8418596761,1
6074976373,0
13568785283,0
4248189510,0
1118795153,1
5992051106,0
8099538777,0
2185506771,0
6392712813,0
6954307490,0
3488192007,1
6160576289,0
8940812297,1
5101663302,0
60615543,0
8148152729,0
4144242102,0
5183124087,1
177343544,0
5355684661,1
3960135316,0
8563124607,0
182030355,0
1437266191,1
15688769,0
2747817234,1
4051121549,0
9138231565,0
3075270785,0
10625277256,1
5234019052,0
3391255233,0
753041280,1
5213404162,1
3103836093,0
156715026,0
5424038560,1
5818251889,0
3087161274,1
2363853637,0
4433140567,0
1990353898,0
4241217946,1
7183225302,0
695603485,0
4476832429,1
6486409547,1
3284547188,0
6568369915,1
56071985,1
409595749,1
263602562,0
7744811910,0
540438769,1
5562262230,0
11805956435,1
13745523473,1
1657165536,1
5439457861,0
8142169173,1
5335666852,0
5292827668,1
5801053370,1
5209310523,0
2329520947,1
2830336779,0
8064667805,1
4305491763,0
4759607210,0
3557851782,0
3227040452,0
4100728095,1
5689769576,0
5976464615,0
5177810509,0
4541448712,0
371376784,0
2773716442,0
2261431980,0
12364783623,1
3840410923,1
4960415202,0
9248832978,1
8536670150,1
8317904618,1
6292488935,0
5381806515,0
5000252764,0
7555662298,0
4269767959,0
6089768148,1
6023476924,0
3558913076,0
5260573260,1
7288846840,1
654043062,1
2517085652,0
4969277984,1
2905003883,0
649752447,1
2591655640,1
9032464396,0
861376190,1
8314488139,1
11533766874,1
5919221,0
5519648757,0
8733872985,0
8589846218,1
135192154,1
8856950402,0
2519082250,0
3660878192,0
3828318580,1
6197912582,0
8661037078,1
4538990352,0
1303184203,0
4810950681,0
9143954316,1
4717198143,0
3815775022,0
2457457193,1
4102415297,0
181543960,1
9370731609,0
5890229361,0
1351731041,0
3746459711,0
564377685,0
3172625980,0
6234048412,0
796869329,0
3319344290,0
3202011809,0
6091713440,1
8644798947,1
5979043977,0
2614078831,1
3114635660,0
5651443277,0
3586324682,0
174080558,1
3598208767,0
6080576417,0
8144478495,0
3179081,1
6159097294,0
2089497011,1
5421692558,1
780564092,1
2456154794,1
4469003981,1
3552248093,1
21891017,0
4426323732,0
1523318684,0
3116296490,1
9622941476,0
8374587790,1
5631442372,1
3610342263,0
12940147583,1
3502936977,1
2456106701,1
13431921845,0
7289118798,0
5903723002,1
8001603331,0
174525589,0
6089412351,1
6271809684,0
6454933075,0
398811940,0
4052766436,0
8573167128,0
10227858885,0
5832775553,0
8083154346,0
5418502310,1
8234494599,1
151666982,0
31664053,0
5723441295,0
8155303129,0
5199918589,0
2843798370,0
2934006313,1
2128194274,0
6305867649,0
5987072483,1
4124814203,0
9846571205,0
512671630,0
921695345,1
871763768,1
417768429,1
8297043296,1
203788941,1
4613343657,0
4490838055,0
5267738818,1
2618058440,0
9385404594,0
2701458057,0
4117085173,1
5970676852,0
543988944,0
3564109195,1
2314590377,1
4657753259,0
2126467351,1
8998777726,0
5480091966,1
6510952463,0
6995609934,1
5706776182,0
9126478426,0
2146271331,0
2293951515,1
8745436574,1
7745727156,1
3939859433,1
452807139,1
8695207062,0
5210957087,0
5911711580,0
3637904790,1
4060787820,0
2415478596,0
6306379604,1
9732871407,1
8299907158,0
8415068508,0
8348167148,1
9547808950,0
296355917,0
6287282729,0
3564704739,0
5029372755,1
1246325994,0
508595055,0
2406262468,0
8388283345,1
6016356893,0
3178990391,0
5643821058,0
3679707068,0
3618076011,0
4095574806,0
3685111553,1
6923629735,0
6820987318,0
2360174011,0
92046572,0
9396619519,1
664642406,0
3667846222,0
2539116590,1
1160148193,1
3223181642,0
9124931709,1
2789881519,0
1787885255,0
3855038967,1
3262193720,0
2629707266,0
2397903687,0
1486264552,0
8941677929,1
12324945273,1
393117459,1
2239627226,0
241375252,0
623659743,1
7564612560,0
317115636,0
320296487,0
3201720160,1
5614080155,0
6873472187,0
3933376803,0
8270174434,1
6017894953,0
6493433819,0
2735678467,0
6377906881,1
3682525199,1
3698021950,1
5826868750,0
8509780423,0
2164550548,1
5351849360,1
4949502745,0
2952687919,0
243594634,0
6429488677,0
2187620906,0
176610078,1
11687489094,1
83612577,0
2212522809,0
4779325086,0
3289737041,0
5527105086,0
807315241,1
141588810,0
100896724,0
4850434388,0
5425710504,1
4443555923,0
4043271768,0
382761698,1
2207236100,0
6654409535,0
372223769,0
4872555944,0
2761285880,0
2805323508,0
2525558170,0
5719709272,0
2693839926,1
4623444762,1
8143497622,0
4884339548,0
4397308598,0
6271959472,0
471956709,0
8239876960,0
6837315331,0
7402002532,0
3442327335,0
7979792932,0
11839650285,1
6129444196,1
5354713909,1
2398299645,0
3411278051,0
381158384,0
4751508151,0
4436346186,1
254616008,0
871570220,0
4676240381,0
5348338921,1
5458123625,1
3265453413,1
3178763643,0
7789661348,0
34402446,0
3135932182,0
164019989,1
79954874,1
2836721518,1
73017217,0
3420019272,0
3248555004,0
6886001227,1
3425495083,0
8325226786,0
3470191082,0
462338940,1
8328902803,0
5556734603,0
1263088022,1
7186909797,1
376970211,1
181741996,1
457093739,0
5269089202,1
277845327,0
8047493270,0
2798811772,0
3472402466,0
4122610095,1
2576227524,1
4301048165,1
5485422375,1
4142771417,1
7856670232,1
5347785076,1
4436863796,1
52679024,0
462773099,1
6204405618,0
623139061,1
893810053,1
123329421,0
2861782645,1
4529148756,1
4562384667,0
5932525414,1
6169905475,1
9676374013,0
11031884556,0
416197870,0
3182113566,1
2687359377,1
5220108491,0
458633449,0
1242320939,1
2324738055,0
1907424176,1
6092602052,0
3362179157,0
2659626674,1
12924555663,1
5521386056,0
122248385,0
13293997444,0
5445529255,0
4866675326,0
369797229,0
2617496605,1
2644855050,1
2889383825,1
7953138712,0
12934934814,0
2482380750,1
5950460238,0
5728160044,1
6944867281,0
6949792997,0
434656438,1
2327685276,0
6135309129,1
5571229539,0
4128416585,0
953374532,0
1554486148,0
82542038,0
5252326806,1
2599241257,1
4687399985,0
3670876795,0
2578802072,1
2711528328,1
3891415048,1
12202088815,0
8678263503,0
2619325663,0
13863960814,0
6052823320,0
5143018424,0
3170640603,0
2478770411,0
80077652,0
4258560073,0
3935336007,0
95232472,0
8297367516,1
5976298289,0
8450395343,0
50463297,0
4479181860,1
2544047899,0
3176224872,0
12461532384,1
11254483025,1
6713413301,0
6857821262,0
5357086864,1
1694832708,0
5350381383,0
18441649,0
2034454934,0
2571252374,1
4828269380,0
1417845133,0
2790598627,0
875785953,1
211282947,0
8143475508,1
146402447,1
8724434751,0
168644358,0
8203871010,0
2934488435,0
4423710085,1
1398853178,0
81332639,1
537371096,0
4453366183,1
294506153,0
2553277997,0
13155358473,1
7516016426,1
2562208579,1
3427933994,1
2581081671,1
80519187,0
2135360487,0
5673823813,1
8471170621,0
5351481946,1
6957592486,0
3467609036,0
4619114325,1
174013266,0
13948706965,1
2613156889,1
5743032760,0
294304200,1
3279783339,0
5337115387,1
5747912118,0
1349011623,0
3246231102,0
2485020791,0
7595527496,0
110351469,0
299805215,0
4438277703,0
3008103307,1
10177164965,0
2470233567,1
5828596842,0
7185051070,0
5596932909,0
871399802,1
4568995278,1
7826524436,0
1214938583,0
6301367067,0
2655267135,0
3735277168,0
2929478129,0
4807323346,0
487827484,0
2932570754,1
5778505682,0
9047349033,0
123840760,0
5439481421,0
12036168693,0
2490051291,0
4098794085,0
270993747,0
2403533572,1
2805936462,0
6653683923,1
4221305967,0
723866963,0
5989366568,0
3702096779,0
3336625415,0
3168413147,0
7340044214,0
10725661965,0
6005526504,1
2409895613,1
475548703,1
2114456308,0
5092224872,0
3260465333,1
2121525974,0
3641283946,1
311518413,1
2266329228,1
527413626,0
182123120,1
3185408316,0
4121642970,0
10457158923,1
12540593173,0
8467142946,0
12201260643,0
4853767605,0
1172999479,0
6256763299,0
8265935652,0
5299383542,0
4685180799,0
8152060800,0
3976395772,0
4032546103,0
312449792,0
449698079,0
8579137248,0
9034179665,0
5398725131,1
7436824958,0
1382237544,0
2646280461,0
2344699821,1
4959292490,0
13453176033,0
158298805,1
3101594272,0
3585668286,0
2402683261,1
3361415780,0
18301475,0
2616375765,0
7814519602,0
5612204923,0
5434502118,0
3821896841,0
2899983776,0
5351410623,1
6208995435,0
160532175,0
7177961036,1
4002312559,0
401165745,0
210423020,1
5011099512,0
2677018123,0
6333204887,0
8143030670,1
2310115277,0
5576084660,0
20633123,1
282435533,0
8030569720,1
317516570,0
3532928109,1
6088650487,1
383575412,0
8313504379,0
4346013574,0
79516167,0
5236522945,0
8486713413,0
2593499805,1
3458255758,0
4606784987,0
8522296453,0
420297122,0
112472653,1
84022951,0
5749075720,1
331932406,0
3485576204,0
6126114438,0
858315655,1
6297501371,0
3903714622,1
8827062716,1
198119779,0
5139759479,1
4864158271,1
8510424650,0
2082946884,0
3247542965,0
6627545109,1
4183239013,0
6787040027,0
623923492,0
171516379,0
2785186006,0
8731771271,0
331346829,1
3237422654,0
3646834931,1
4266672035,0
6128272276,1
10124585,0
291553950,0
8272837691,1
8224581510,1
11001896503,1
3140938466,0
2399539432,0
5719736691,1
2848979390,0
6310354978,0
2200131447,1
2107044519,1
109270746,0
3599036152,1
1416859522,1
3941116340,1
4651518462,0
3847528466,1
4677349374,1
2099337170,1
481423611,0
4267623324,0
2525612528,0
3625282429,0
2392851081,0
7091989205,1
6267038842,0
1097922649,1
847569903,0
57154068,0
12410933973,1
8140567053,0
285118127,0
4656252409,0
2419268594,0
335543316,0
969358759,0
2870913579,0
5041188341,1
6157118233,0
2670845248,0
3630355741,0
4278018043,0
3876565651,0
13261101385,0
5074273635,0
2377783885,0
5358452473,1
341615579,0
3023203078,0
8613836203,0
177654705,1
2620160553,0
6045147717,0
2886717621,0
404093887,0
2879250497,0
5452736801,0
3642142887,0
2865732991,1
5435959033,0
5347175396,0
5850597218,0
11737432065,0
8150981465,1
6824197881,0
6097502492,0
8906000941,1
5707097752,1
37964658,0
2388918112,0
2349784188,0
4035924807,0
12000043103,0
3009516466,0
5382670230,1
228743,0
6062189093,0
5443775917,0
5841976655,1
337211608,0
5916156421,1
5518258674,1
3938473754,0
37160733,0
4438530521,0
5070016523,1
453771930,0
7560201740,0
8980750791,1
3538236675,0
8787939796,0
2548581916,0
5604982883,0
2821621642,0
20767063,1
5030798864,1
4566732421,0
13545684014,0
4579772006,1
5301975917,0
60963028,1
4612392924,1
211477483,1
224523425,0
4079842288,0
3732441710,0
3644473656,0
2514368424,1
1593933518,0
3254149048,0
11907049895,0
4932120056,1
1306195631,0
515865776,0
1271708308,1
5285006124,1
5880792500,0
2650498046,0
3372564192,0
466424563,1
3111947768,0
5761452208,1
3038139490,1
4029349411,0
9670197135,0
5015123851,1
2585675114,0
318548366,0
5520622251,1
3084640295,0
5044414297,1
8046825549,0
5584173012,0
66344450,0
6227972882,0
5161762782,1
8309726747,0
8427672505,0
1241716956,1
2313539569,0
6071848978,0
3980929218,0
2707159566,1
2199675112,1
3347376520,1
7100272173,0
13085229683,0
5256338294,0
1113922217,0
3059915601,0
3476395,1
9441926196,0
5722831138,0
5273367082,0
1318767226,0
947411340,1
5571498481,0
3734430866,1
13165857984,1
1714754908,0
367984491,1
198843317,1
8768192756,0
12658658704,0
2493815334,0
4063428193,0
2195556225,0
21321121,1
4940308004,0
4304867819,0
650764934,1
537809320,1
6801832864,0
7883009434,1
4958917958,1
5729708990,0
3975601085,0
2258645596,1
6127191484,1
3853399767,0
2578115160,0
2452687475,0
4684804577,0
9121132353,0
4669940280,0
3207715884,1
2355904707,0
3660127327,0
1516573604,0
2509115466,1
8545529388,0
9721073731,0
5651116345,1
2560536863,0
3650799065,1
8281754748,0
2572639558,1
542393995,0
3339890317,0
6102246879,0
4272816769,0
11889348366,1
2580660765,1
6701755179,0
3068038300,1
12254073506,1
6295637762,1
2195809332,0
4083406061,0
159228429,1
3269463049,1
8879828317,0
5310885105,1
3613770151,1
39049705,0
4802889714,0
5211075321,0
4576977706,0
4599692944,0
5819639970,1
3337708392,0
10527192003,0
8985521350,0
4458996766,1
3998179913,1
251153730,0
5213410957,1
7709300412,0
4677116911,0
864612128,1
8290867181,1
3713250260,0
4133774708,1
4887575188,0
428819006,0
8318312424,1
8140435413,1
5365908684,1
2757139183,0
525729296,1
10111748013,0
4316217124,0
11801537236,1
2146817609,0
4100272962,0
3183253554,0
4711856743,0
9701630002,0
5142391798,1
238443850,1
5911380760,0
13851907084,0
13370769453,0
9772905241,1
875411455,1
4590123042,0
543069135,0
4327060787,0
5428149625,1
4471459388,1
534725585,1
3531619077,0
4967053203,0
4502647266,0
6545757427,0
7917430840,0
11778698396,0
5418831222,1
234400707,0
5342726073,1
6973813690,0
9772188464,1
5252443929,1
3896922360,0
2416408842,0
1471631103,1
5341921512,1
7734142140,0
876947212,1
514862059,0
3592767065,0
4451506909,0
5696269330,0
6263455291,1
9645605957,0
3572852244,0
514483434,0
4658964463,0
3124287704,1
13146156283,0
8484161407,1
2561567052,1
7140395993,0
131022822,0
6448608965,0
8227961008,1
8088719274,0
2096281306,1
2268098784,0
3412395234,0
8207691256,1
8310806424,0
5437226654,0
444098129,0
4373029929,0
7589342680,0
659101851,0
5348195490,1
3668036840,0
4008356899,0
71473202,1
2481197375,1
5718696836,1
8539948154,0
1131837656,0
3835366193,0
2984440027,0
473817167,0
3381783317,0
537067299,0
2558986245,1
5348042019,0
491419167,1
7815721660,0
9279235081,0
6728371243,1
6270861853,0
11337800654,1
8165756804,0
685185119,1
8345076159,0
3641979986,1
11282130006,0
4881492583,0
10027248316,0
3279218745,0
6407490263,0
430096008,0
8567286339,0
3834990608,0
4977566919,0
3653163141,0
6648636939,0
9176404571,0
1442852303,1
9753203346,1
5968047189,0
5243220128,1
1339202522,0
6319638572,0
1057689124,1
2772271099,0
2111359791,1
3693119768,1
5556059658,0
551313914,1
5609904913,0
3697514216,1
2400861768,1
6981396286,1
4444797470,1
7769827648,0
3903810183,0
8158678533,0
8287573063,1
5352108466,0
6295627400,0
367494974,1
8377951493,0
1208516244,1
5728156026,0
1315492444,1
8311941944,0
5617420934,0
542409685,0
5939318557,0
8402217877,1
4650492927,0
5986319320,1
8274154380,1
3269874694,1
3849127709,0
2312028975,1
1975843576,1
776142300,0
137543400,0
5015007947,1
4377380961,0
4673715356,0
131858975,1
2606424494,1
12501208224,1
480838285,0
4095390421,0
4781186981,0
3210677246,1
1497179554,0
9484654105,0
1078072876,1
1352433766,0
5588302791,0
6865090126,0
8776079142,0
2906332831,0
5603327993,0
140685261,1
173474999,1
3154444276,0
6308078132,0
2922402492,0
264242390,0
8425003974,1
4833441806,0
100556251,1
2222195926,0
5477760043,1
4770932388,0
6810857365,1
4820115609,1
4812296980,1
105001424,0
2582855756,1
6243376644,0
669350668,0
7447792432,0
2895870044,0
3714014282,0
8570470403,0
1406844716,1
2198573458,1
196498193,0
3014416911,0
5598939231,0
12390896125,1
5345631710,0
4697731856,0
6931849253,0
5894882956,0
9531162653,0
2246756728,1
1322343535,0
7967636636,0
466380523,1
2628516489,0
8632955627,0
3710823970,0
805444250,0
9802986116,1
5308933658,0
5337353294,1
5912568737,0
5628968082,0
3564560902,1
7558670176,1
3970644011,0
2573782847,1
6134201597,0
5709771856,0
7144682413,1
1425386008,0
2107798757,0
4753832272,1
2931353013,0
4985285727,0
1270766301,0
1054792744,1
4183265092,1
870593127,1
2112652173,0
5288185808,1
1935297607,0
12401435043,0
5380377751,0
908256436,0
5409338393,1
5884515866,0
3034251068,0
10415361343,0
8395337873,1
8737401409,0
8208755091,0
8928124580,1
7056024675,1
3933688015,1
2475167844,0
2865442621,0
147693105,1
8365167610,1
5350712276,1
9315730411,0
2640529923,0
4062276980,1
2458927627,1
4737597235,0
8264255276,0
2505263159,0
3282303296,1
16058514,1
4672450168,0
13584835515,1
7522373108,1
3195786277,1
3845048184,0
10123216136,1
9242318109,1
3386569398,0
4303354759,0
4959086679,0
4381256413,1
5387415053,0
50729163,0
3130651678,0
2377440679,1
3036569958,0
1745310575,1
5278143810,0
5062987720,0
148514347,0
2530844691,0
378431012,0
10632727756,0
8488008657,0
406826426,0
6089071989,1
4263663884,0
11207664496,0
8145493003,1
5369671562,0
157676356,1
877781655,0
809836746,0
3145807403,0
193175269,1
6314445394,1
1557461498,0
9173062180,0
6216551047,0
8136940131,1
856862360,1
7584392288,0
1346031364,1
8029122249,0
5627839517,1
8074657054,0
9470346377,1
12285137995,0
5541883714,1
6600831297,0
3885995727,0
4355060977,1
375409286,1
2585435994,0
7132758211,1
355040352,0
7699673482,0
3779770357,0
8088708278,0
4855823774,0
4454075556,1
9892658854,0
168146841,0
4108319259,1
6109249450,1
5287810795,1
179845457,1
3643778758,0
6093968145,1
4800717167,1
181291868,1
4126949104,0
2559265296,1
8533491812,0
8359754197,0
2554459814,0
4724214120,0
4473322501,0
2805710601,0
6553811105,1
678395258,1
8067572697,0
5816301438,1
110282499,1
128593004,1
976202486,0
2437609650,1
2543549864,0
5167090812,0
8086829558,0
7281458590,0
6118983862,0
233572189,1
4935486534,0
8982254393,1
7408162,0
8476209882,0
864948098,1
152286760,1
4051632047,0
9415578308,0
2237217478,0
4373410594,0
4802908281,0
7847511926,0
2885964054,0
4267284843,0
2706722654,1
3823143099,0
8333077301,1
8697893086,1
2877309298,0
6227495323,1
5342339238,1
6337730805,0
3763715747,0
202671711,0
3946223913,1
4863166321,1
5389228213,0
121226756,1
2581416283,1
5348197810,1
5614705021,0
8997315766,0
4165116112,1
871893582,0
7720473486,0
123561273,1
10009244396,1
9767978906,0
5282885751,1
229434413,1
3109441144,0
2283374387,0
8220646525,1
146454520,1
4060295773,1
184280676,1
2647568873,0
282074122,0
5042113961,1
483971671,0
12796369693,0
2119542251,0
2812609847,0
168307768,0
7973662312,0
2045327038,0
4279035041,1
614074058,1
29268008,0
7708095898,0
11549702383,1
79987225,1
4811633249,0
4185570871,0
3164901524,0
2369937452,0
7003574530,0
4824229187,1
124663705,1
8981671080,1
2653215885,0
262279434,0
5111990079,1
2396099221,0
5370872387,0
4577495094,1
7611040676,0
9167832118,1
2172378240,1
6107211853,1
2673241382,0
5459157619,0
3104314376,1
5569198498,1
2774514354,1
3355300407,0
8704805144,1
6988750388,1
4077655105,0
6205346279,1
8323538922,0
11693278636,0
6839912347,1
6038477368,1
2880546340,0
175506501,0
2575674781,0
462331963,1
7199248634,0
2353738334,1
1388101269,1
9736482699,1
93887496,0
4831456559,0
10033993185,0
3570040071,1
6343710304,0
324971606,1
667315556,0
360853763,0
4301402795,1
4360331299,1
89330948,0
4627486230,0
5906903582,0
12584902564,0
4524654787,0
848997171,0
7185718821,0
5632034,1
638770435,1
4967455218,0
2286688040,0
9106026820,1
9657607125,0
1332154133,0
887452313,1
9736598190,1
2470297630,0
389919766,0
496477949,0
5622894754,1
3051073324,0
3886378384,0
32961551,0
11664724673,0
4509300824,1
5197235151,0
8575109109,1
2277216475,1
864584409,1
5586907802,0
5871590972,1
4140685590,0
264418810,1
10214082033,0
7415178754,1
8193582748,0
4753903084,1
3795170820,0
6112196124,0
2476806479,0
8070560051,0
4538678120,1
9091517255,0
7768468568,0
2718181716,0
5004047913,0
7266160070,0
2097027109,0
3521997081,0
3257934072,0
5465439602,1
89312847,0
8661838500,1
2273519300,1
3519396200,0
5719808439,0
242148169,0
28748527,1
2317776511,0
2250802094,0
9646351706,0
3955382823,0
10860730194,0
3941523891,1
9244604010,1
5470029994,1
3673471274,0
3335126780,1
8376317319,0
7993585528,1
5356922193,1
7157299342,0
3807780423,0
461631062,1
8238634118,1
5354715265,1
1441744351,0
5350694587,0
6489845983,0
5766708120,1
8670482084,1
3543797150,0
50685840,1
996993940,0
4975671122,0
12210317655,1
946775514,1
14006803563,0
2377226834,0
2573641911,1
11698320833,1
10002110906,0
9245983248,1
22128931,1
4573130224,1
463369689,1
6710051511,0
81421912,0
1819788075,0
2414496268,0
3210191548,1
3669778489,1
5690689747,0
4433057486,1
9378337819,0
126394430,0
6293662544,1
440604694,0
4376919104,0
2465749877,0
6041092587,0
2558006583,1
3195687583,0
3862291305,0
7994825949,0
9555218462,1
1749748875,0
5274339656,0
383593234,1
5062544534,0
8094564752,0
1009829666,1
4436683492,1
11244775655,0
5519347929,1
868042822,0
2523885524,1
475259695,0
3656855899,0
95466705,0
2346782167,1
7281323044,0
2742169070,0
1478904609,1
4091680642,0
1638547541,0
5571271709,0
8266446573,0
7730947278,0
8663246119,1
1509700854,0
5427582561,0
8761217,1
5333050001,1
2804398650,1
4151977,1
472439254,1
2190032796,1
5453834245,1
3305222756,1
2683145011,0
8734718265,0
1383889501,0
8533230074,0
4887822303,0
377684931,0
2376899496,0
213627768,1
7605249708,0
13466975333,0
5673504510,0
89669219,0
252602060,0
5931133431,0
6332448618,0
8674384154,1
7817360520,0
5032368678,0
1179295164,0
428751424,0
1059670829,1
2184938072,1
1388856967,0
1051546870,0
4268430611,0
3565005083,0
3280398392,0
10233931113,0
6365888537,0
2918760013,0
6005735865,0
410016111,1
5857858025,1
6035397972,0
994898305,1
2066527000,0
9524011725,0
5732562467,1
4578350099,1
5571273517,0
5704466187,1
3273186,1
31923699,0
3468805037,0
4685446577,1
8066950824,0
7023296581,0
3163759992,0
8580176573,0
322307704,1
191755443,1
5916802681,1
2546885294,0
3004857051,1
108904032,0
8497713067,0
5947673709,0
8144094862,0
2943653160,0
4542114111,1
1880701477,0
4025495370,0
541851448,0
88268539,0
4164459520,0
396533512,1
2832608457,0
2415007482,0
6528597435,1
10118780294,0
1225447797,1
2307858854,0
11655587704,0
2581788324,0
4476995160,1
303690070,0
2087159986,0
6831549167,0
82841571,0
1291594852,0
2319642101,0
354822785,1
12117621903,0
4583250258,0
3150850328,1
6230486767,0
5740303849,0
2549460286,0
5728812987,1
296139264,1
2195219506,1
5275183530,1
11041967264,0
3620718870,0
7207103658,0
533894147,0
4348570474,1
9678527045,0
2385622262,1
403935979,0
6796499860,1
369060459,0
2567297800,1
22548552,1
10552643983,1
1242027698,0
5117931189,1
4166698154,0
7322636706,0
13113536814,0
6311566148,1
7321327528,0
6079376267,0
3768788019,0
456303956,0
3288379583,1
8700691314,0
8347829012,0
2888756868,1
5927826874,0
2612934005,0
3167262069,0
13224974014,1
6932206953,0
5405598134,1
694706796,0
2812473653,0
2496364507,0
5326977865,1
6203827837,0
1297600005,0
465070467,0
8108912292,1
42702928,1
11376604,0
8304479504,1
3631054245,0
8450474767,1
8512169066,0
4117088990,0
6031068701,0
12418843453,1
6099530443,1
107626313,1
864165897,1
4832697096,1
3230678393,0
6136214575,1
6306184924,1
5582016101,0
311903330,0
5895464427,0
4826929093,0
146606024,0
7913143988,0
403988454,0
3615861204,1
3777597585,0
5948566612,0
677520573,1
3630535,1
3422403299,0
2888694654,1
611190231,1
4084384708,0
7006573696,0
4096817215,0
13439344304,0
6467291387,0
1014769560,0
4693091786,0
4703413931,1
3697023977,0
3930846035,1
630369575,1
11798394685,1
4462457795,0
4135674300,0
3156317984,0
5100119368,0
7739568888,1
331911604,1
5746904504,0
6161435651,0
6996219284,0
6249833748,0
5346430387,0
4100690658,0
2471040388,0
6127030621,1
4474653805,0
2373722657,0
2915855198,0
2776530162,0
2847739056,0
4976753582,0
3826574367,0
2699034406,0
5289843767,1
8050412541,1
431004364,0
6008981158,1
5365279527,1
350856016,1
5888824316,1
6094523841,0
5723737321,0
3658876478,1
12796572114,0
7778937848,1
526861375,0
466467103,1
6037190779,0
6079472127,0
7021767037,0
8476450039,0
8509268892,1
6185537264,1
5346125130,1
9043277277,0
12890444705,1
347756001,0
147680105,0
3414051195,0
4414765679,0
4205668915,0
12701201574,0
36335869,0
3269195693,1
3959393320,0
8955873566,0
8086937405,1
6094652072,0
8198217307,1
2568275679,1
496915460,0
4945286069,0
8579887452,0
6255006449,0
6656315947,1
2253172796,0
3875868351,0
467263682,0
2436388651,0
5038735869,1
167984253,1
3892941676,0
4228138536,0
7838541508,0
2382450576,1
2113478542,0
6711267527,0
3417167681,1
5018186592,0
3181082157,1
7007562248,0
489462802,0
12601216455,1
12690806594,0
865646992,1
3430370888,0
7510466920,0
1320474385,1
12283027483,0
6190560172,0
4976751969,0
4030630786,0
2763213369,0
3033728274,0
4724835817,0
154373570,1
33391399,0
12562204945,0
399390350,0
386787118,0
8140444422,0
20385203,1
6524878147,0
7370874908,1
135922726,1
6197520518,0
2372750734,0
10255997094,0
9248326510,0
3359158796,0
368196099,0
5939674699,0
187970199,1
4632253840,1
8135089569,0
8894092324,1
5126066749,0
2341189295,0
2341062101,0
2781697001,1
3124099254,0
4469665529,0
77699733,0
2871154287,1
5490970324,0
7017138905,1
6952330581,1
5351361655,1
3007236669,0
41163853,0
1268098735,1
5423447107,0
6350174660,1
1848318975,0
4397556426,1
1040841,1
3336560323,1
8664182774,0
228441153,0
8182419114,0
3951970392,0
5187865758,0
9323562000,0
4560503887,0
6122966053,0
4164081880,1
2575227583,1
5015514599,0
8349299498,0
6120358293,0
4781162170,1
9408412504,0
7300693232,0
5250948026,1
77111697,0
2855793017,0
6209139201,0
8503885294,1
9596698684,0
7897061194,0
8149689287,0
5017718499,0
1752244963,1
6374715959,0
5114735958,1
6094221747,1
294620575,0
8175452747,0
2077144076,0
2347194500,1
8164675946,1
3950792738,0
2909828637,0
5750126624,0
8723333326,0
8546554418,1
172671711,0
467956068,0
5403273212,1
4685832682,0
3693103058,0
149120824,0
748824973,1
3411908585,0
2269424912,1
4014579582,1
4517521592,0
6720515243,1
6089875656,1
4285776399,0
13850650844,0
8367598619,0
5576727535,0
4670381725,0
5397673303,1
2585719240,1
4272244321,0
13573467053,0
5370498740,1
8678305899,0
3733158503,0
8078496538,0
2722258743,0
6835557359,1
2788802967,0
1401049831,0
5302603688,1
3329177591,0
5481499776,0
2915238679,1
8582083663,0
8447589373,1
13721251,0
8109496996,0
3060804881,1
150109550,1
4719703687,0
5464120190,1
4992145057,1
5121698520,0
8333582204,1
8894109114,0
1086250201,0
2863649978,1
2243489290,1
2742503214,0
6728416371,1
8668538685,1
5726542705,1
5432804271,0
244113142,1
5697493844,0
223318805,1
1967673518,0
5655291560,1
2209134006,1
10427525244,1
3416022948,0
73186447,1
6867575187,0
4924186520,1
4867268010,0
2064235915,0
9930701364,0
8373580082,1
5620522347,0
5750254879,0
2340216620,0
1923385865,0
12366242994,1
4354160469,0
388757831,0
342197764,0
9811080,0
2356549888,0
5279588791,0
3402084651,0
6900256402,1
3245458073,0
148093131,1
6278341626,0
8488296462,0
6223583956,0
458311489,0
363651509,0
8268911505,0
357360660,1
2113502509,1
2257360962,0
8439716246,0
22123231,1
3411296149,1
11221530335,1
2125968724,0
10721404513,0
1508731630,0
8018028289,0
2251179282,0
4175891254,0
9096544873,0
6262298190,0
8731816895,0
5728524780,1
6128075867,1
5347981328,1
7481741348,0
4281491224,1
5879531804,1
5875310585,0
231191685,0
2953773949,0
51154686,0
11817789464,1
486582433,0
6328487840,0
3965028468,0
8951826150,0
5530964496,0
7995609723,0
2496332549,0
8587701348,0
5882392087,1
2512202831,0
7604213662,1
6268412425,0
5390469804,0
5694039380,0
5343693810,0
3261331731,0
6414417369,0
3430637164,1
44935799,0
2619623025,0
2468011590,0
5348993086,1
5370893635,1
2534813545,0
13894282834,0
109357638,0
13654462563,0
336555087,0
4950781610,0
5888843390,0
8143909566,1
5214950965,1
820921580,1
291394594,0
8230822025,0
3849358666,0
3668746487,1
11575185766,1
3061593293,0
11594492134,0
5419227225,1
7425267524,0
7199869308,0
2354139780,0
2371878398,0
7127546293,1
2556761455,0
2575043945,1
7352570698,0
2235084279,0
6132974419,1
5349557414,0
9665250285,0
9502184340,0
8238830132,1
4332998623,0
8685131584,0
8239757570,0
5533667716,0
4024975984,0
6042246235,0
5363063478,1
2789134424,0
7188514811,0
6455312157,0
893584736,1
2913291712,0
6550295503,0
4019984624,0
6466283107,0
7272337464,0
5656475115,1
2541738175,0
4092016661,0
95261197,0
85147194,1
2492937808,0
3060334016,0
121678194,1
7696980388,0
1809344803,0
4881759759,0
2214044607,0
5253810739,0
495310091,0
5879316507,1
7966417192,0
763541568,0
3800326301,0
2247287840,1
60759137,0
4291580252,0
4114494399,1
3273261423,1
6053930435,0
525531247,0
7024492707,1
2380835489,1
9841258774,0
284966066,1
4448206931,1
2563900187,1
4359359345,0
7179913993,0
5655434557,0
2479515670,1
3525861747,0
3266045716,0
115562134,0
4489002519,1
591939932,0
6500934017,0
2655693191,0
2699451228,0
3201223934,0
104122031,1
7324361996,0
5345386993,0
7975720440,0
6913087988,0
2045000790,1
4988574596,0
3320617358,1
6086629216,0
2843384022,0
1177601616,0
3967058742,1
3973523609,0
4237633698,1
513057977,0
145979572,1
6106111822,1
463193697,1
4304305352,0
8282071933,0
3777106371,0
2149469249,0
195860371,1
5296081442,1
4359204105,0
4703683375,0
7895080638,0
12699190813,0
4204692063,0
4102181867,1
4744477363,0
6090012015,1
9007359097,1
4579256567,1
8220540424,1
3862941378,0
3844490648,1
5099141731,0
2272230461,0
6832743018,0
4540914431,0
3117882904,0
6283660149,0
4889135694,0
171624341,0
13363273175,0
12175187445,0
3503502871,0
8621692342,0
5752838005,0
146884904,1
4144150427,0
52787951,0
4559834199,0
3183685508,1
213803897,0
306545844,0
6090696484,1
407163221,0
895457505,1
393332592,1
2458685823,1
1941386414,0
2058518317,0
5417817383,1
3465993336,0
210633377,0
8999801267,1
8318071307,0
4125457110,1
352838950,0
2364141299,0
2852200932,0
70480490,1
466988855,0
1219990815,0
463448049,1
2241018849,0
3221515955,0
2416874924,0
5421359538,1
7459714412,0
6384912519,0
8267973140,1
3300685306,0
493197002,1
5205033370,1
5348198007,1
2940812103,0
5653077349,1
5934272693,0
4944544147,0
5425974522,0
6843893577,0
5408078897,0
316746692,1
434035645,0
15845477,0
5476282618,1
2495634318,0
6269443731,1
5824522141,1
2195001278,1
11825682904,0
6778782456,0
12998361045,0
155909150,1
8037654370,0
5338457866,1
3685488949,1
222896784,1
6012632784,0
4452510858,0
4451943660,0
5315750992,1
152709183,0
695075645,1
528294036,1
3697087599,0
5350802454,1
12505124845,1
5176751833,0
4307611966,0
396417033,1
4423974259,0
238054468,0
4119405953,1
42472249,0
2420924420,0
4852778367,1
3423705900,0
5497876362,0
4516911921,0
8382124930,1
4052952143,0
9086861231,1
9024867955,0
5817465335,1
5354216098,1
2864939983,1
5050570191,0
380905512,0
2529349568,1
6023444588,0
6950200097,0
8210525616,0
5276235267,1
905661489,1
8138229440,0
2087120710,0
2365822306,0
4348817159,0
6940532634,0
5975193120,0
450418842,0
876783603,1
5692027158,1
2596803722,0
6848230438,0
9264805950,1
869026625,1
125673924,1
1934011709,0
3154556156,0
4279992328,1
80911333,0
216421943,0
3365379620,1
842433382,1
335325852,0
3525554278,1
20337835,1
6128470702,1
12131412714,0
461952886,1
2586132923,1
871719902,0
3882296693,0
7871246980,0
4252297312,0
4220732146,0
6998038984,0
2430159178,1
3999997054,1
755856527,1
3163693504,0
3301561746,0
3821739574,0
2570794750,0
1104522145,0
2841249182,0
8307909746,0
487415935,0
8145177380,0
8937207473,1
3888738752,0
4781923491,0
3491024657,0
841904382,0
4243960387,0
5320626323,1
8286055400,1
3680178473,0
2239730850,0
477112030,0
4295082459,1
3782697779,1
12529554915,0
2709755159,0
535310549,0
52884924,1
897659078,0
6575622869,1
8168799260,1
6043529581,0
3915499329,0
9517287663,0
5307631356,1
3829067279,0
5399623941,0
4058600777,0
462399877,1
8801876459,0
6135942176,1
3557103251,1
2088345482,1
2749040496,0
2389754957,0
3325324218,1
726799183,1
8183249067,0
5253811796,0
3648516949,0
11844681543,0
78543299,1
4692930510,0
270736872,0
8436200441,0
7434271190,0
4000408574,0
9389701920,0
5765689372,1
2858772176,0
5061444933,0
549401876,1
1053709242,1
9759616193,1
440151895,1
866342544,1
6327995837,0
4347605103,1
3547318611,1
4094148286,0
8501288772,0
68704723,0
4277513021,0
122565567,1
385164490,1
5111349320,0
5263516542,0
9438008206,0
5726867028,0
8215931483,1
5254218997,0
630953850,1
4084112938,0
8668582434,0
1229376769,0
5916806344,0
2779326495,1
8741766830,0
8677511107,0
8848110538,0
3788718371,0
4931990114,1
8333096991,0
2063846004,1
6964948386,0
4623291169,0
7576000284,0
4965887548,0
866020010,1
4114098728,1
3062375445,0
2335348484,0
4353364529,0
8857377827,0
396726307,0
361794210,1
6873766997,0
79250947,0
4579730287,0
2527101763,0
1261629246,0
323639604,0
6802398300,0
5644949847,1
1079195232,0
4718651080,0
3331584055,0
2982310472,0
7127833535,1
3281279028,0
6865305856,0
323721913,1
2597176255,1
5421687168,1
262625953,0
7181878033,0
544735033,1
4810657229,0
6690719043,0
3803477131,0
3187836977,0
2953058978,0
5915882934,1
4984881262,0
425410780,0
5773101225,0
6738255817,1
2835813690,1
33241527,1
11729590915,1
4482431053,1
4285827567,0
7130799983,0
8270610865,0
172978822,0
5277832652,1
47030123,1
383851364,0
200843939,0
1119736242,1
7770388172,0
5790917734,0
5328323352,0
4536246062,0
152590602,1
3779798126,0
4008767131,0
5664492536,0
2781395365,1
8120092533,0
4251821418,1
130243329,0
4712764392,0
7019983565,1
3997792483,0
164550795,0
5525620284,0
2590039044,1
3185869868,1
6654691777,0
6089345475,1
8934754476,1
43165309,0
294609061,0
4395422884,1
5580706355,1
7272222002,0
5348665378,1
56644189,0
519808017,0
834253955,0
3006939817,0
6591099209,0
2818753878,0
343287578,0
8409332514,0
350697442,1
905627344,0
4976105680,1
3373502755,1
394164755,1
2535533859,0
354827432,1
554931067,1
2512301653,1
470550434,0
4293312989,1
12911818275,1
9156432097,1
6447199,1
845354003,1
2218209641,1
2674449479,0
833079212,0
6292402593,0
9765213595,0
4067839948,0
8531735711,0
177549406,1
5898855207,1
3196524648,0
3587105307,0
8443916745,0
5350450554,0
6872044309,1
6340267036,1
4887968338,1
3422536481,0
5652897702,1
12921783784,0
3283141637,1
5382526829,1
3842471569,0
906494954,0
4814366849,0
5873002620,0
5072761029,0
4610782755,1
5402242946,0
5339032139,0
10320759405,1
110059748,0
2610187172,0
410097866,1
5026410253,0
8911673813,0
6782818555,0
1723925714,0
6396490773,0
80093620,1
1451467774,1
121788127,1
800817643,1
6809755131,0
2461476663,0
8099653487,0
7629108046,1
2760522315,0
339488231,0
8294792676,1
6360256961,0
5108211442,0
5295991186,1
2552695392,1
536089357,0
4911748678,0
5390674399,1
7033086689,0
5299508617,0
3732134436,1
1391847049,0
128755834,1
5387020870,1
7229128548,0
3496861702,0
9035806234,1
502403056,0
3613540507,0
8452751704,0
3733936963,1
2560162640,0
5372188714,0
2547785152,1
1095364437,1
222882688,0
2484341862,0
8328076205,0
4014099798,0
4545166757,0
5064609687,0
8660782550,0
4357916278,0
2120198393,1
6281450691,0
177225861,0
4719477718,0
434737429,0
5551861938,1
216624071,0
6159733950,0
2448927492,0
9412696075,1
3020615336,0
3432893730,1
348094280,0
7167447934,1
8447311041,0
1849173796,0
2190837583,0
2321334474,0
4853057937,0
8353748406,0
11557655235,1
445251772,1
3261454121,1
2951594382,0
6628198719,0
2202305650,0
2580894007,0
3945688695,1
5631445220,1
8206882640,1
6883649230,0
5920942723,0
4559637493,0
23642131,0
8708257294,0
6015154196,0
6869587949,0
173029674,1
4438631271,1
13901781314,0
8146378596,1
1511676652,1
7350782698,0
373770297,0
5090153632,0
1472831032,0
4104726751,1
3941612647,0
3904114843,0
5227122264,0
6688834485,0
8134798112,0
373507851,0
6861745685,0
2186278030,1
2912109120,0
2568978900,0
4869719560,0
2890788697,1
6093599689,1
3293219785,0
4511482670,0
42186833,1
3246368752,0
6061704645,0
4685135529,1
3224700195,0
6856958282,0
70549888,0
7208846280,0
4805640638,0
9085458724,0
2124068498,0
2354939087,0
55966224,1
74170545,0
5741363032,0
8294540395,1
13464735724,0
3248720589,0
4224368435,1
8150490668,1
8023122384,1
3576322742,0
5696420393,1
2708629838,1
2423170137,0
4822812803,0
166471991,0
756044962,1
3106249393,0
5073123193,0
359814617,0
5210944097,0
2209489738,0
521695546,1
3870984787,0
6125221647,1
3406396410,1
3735309234,0
6088552491,1
291878580,1
3832509891,1
6099582129,1
4027701094,1
5819976931,0
3168516301,0
1557425645,0
3903416051,0
8780026539,0
7537300964,0
3868950736,0
5150938174,0
155510326,0
12435605205,1
150544540,0
7752134328,0
183157981,0
6157063031,0
255067228,0
173408742,0
3401059579,1
7207049330,0
6091973866,1
7407952764,0
5687112555,0
4087695466,0
5380929453,0
422522069,0
4525356860,0
2176486016,0
12562017044,0
39371331,0
200222405,0
9234601707,0
907836350,0
6012384914,1
13206640574,0
4284498577,1
11612221315,0
6115370655,0
1857783006,0
6394563931,0
876913002,1
486861223,0
12843369673,0
1094109061,1
159017631,0
6307713071,0
4980422691,0
7989858716,0
2583620603,1
5812965339,0
12024498283,1
1198502081,0
113131992,1
7114026867,0
7939323512,0
3082853943,0
5557994542,1
3808080900,0
2196142270,0
2604744209,0
3180942493,0
4053438161,0
4293141679,1
8033653992,1
2352987870,1
8221435852,1
860024680,1
8681580437,0
2781118725,1
2283808831,1
121329569,1
21028484,1
27284165,0
3448134065,1
3353391047,0
2206285305,1
6057174861,0
8103031348,0
488740759,1
2221596556,1
5210868262,0
3052882352,0
6196497541,0
4198650322,0
3075351081,0
4680343768,1
6103921387,1
8525044550,0
4118915649,1
3508909824,0
2803832967,1
4899538515,0
10296691083,0
8925611328,1
3653528368,0
4842804123,1
8274271932,1
3904579262,0
1514553,0
4109758338,0
8898240095,0
2394274766,0
4509516617,0
8035410786,0
8139936803,1
13737564445,1
8960792347,1
6401107389,1
345345744,0
2342046534,0
2535396098,0
2701253209,1
158882396,0
3900195071,0
335242774,0
3903775032,1
6757727785,1
3210334817,0
5795314296,1
413426346,0
173051406,1
473932,0
2098398027,1
7552294550,0
203882025,0
1487224912,0
128341448,1
4683300627,0
120478858,0
5988663965,0
1462777889,0
440538683,0
2404547829,1
4791331802,1
170666165,0
874940231,0
6400787947,1
11464225774,0
8430063418,0
3894230885,0
5961189726,0
11782951873,1
3379322219,0
6777731294,0
3396874257,1
8148895835,0
4727598168,0
8300457421,1
865963236,1
1396476103,0
257135963,0
16589219,0
692194250,0
259352768,1
4883724542,1
3830396403,0
2528940950,1
6263458401,0
5119203694,1
12277683313,0
12642906215,0
3438135349,0
3278225498,1
594579325,0
3673609699,1
4409264682,0
9542908740,0
469054972,1
2604541551,0
6748202961,0
2140567158,1
2125098279,0
3823104578,0
8803854126,0
3713950990,0
438658908,0
9562542590,1
7602329174,0
539996998,0
7151154053,0
4224872681,0
3898990191,0
5606534578,1
2781863590,1
1394249105,0
44649645,1
5094792224,0
5718399779,0
4217879713,1
3610870527,0
5834210525,0
4739951729,0
8870433930,0
1690043072,0
6274349337,1
3115421665,1
2361515537,0
3681828248,0
5614190121,0
5664668196,1
579452161,0
12328463323,1
2857293929,1
3297259349,1
5538560534,0
6990464256,1
1446639524,0
2576904894,1
2299215687,1
5354570359,0
4837257579,0
7184169306,0
8116188393,0
8137343724,1
8663852847,1
8104657630,0
9583306044,1
4552219280,1
5134684581,1
3839786160,1
4290958973,0
4304088226,0
4955971461,1
2790575563,0
6912752480,0
3189506485,1
4564589611,0
4888495272,1
5894385597,0
920734468,1
8295386538,0
2171055509,0
321918489,0
2924817277,1
2326205188,0
5020289209,1
13203273314,1
5162706859,1
279412370,0
2576268297,1
6089907020,1
2314670037,0
4433331019,1
11503688444,0
8641716053,0
5345824374,1
112970265,0
2269868993,0
6311499357,1
2604478229,1
519797383,0
4783442967,1
7677962936,0
4664683672,1
369232377,1
8329646536,0
2169738457,0
3824366533,0
3976119161,1
7233303308,0
10130389714,0
482840358,0
4802441764,1
2693406476,0
4927305480,1
2880277704,0
4734759694,1
258452990,1
7157642883,0
387278486,0
488329848,1
8080704416,0
224249,0
6421883439,0
2581900694,0
3868141597,0
478677615,0
3872455288,0
2605345726,0
420890052,0
3574179437,1
12486074143,0
12270256006,1
11137374436,0
455809801,0
12436894414,1
2228561142,1
4046186568,0
3292054513,0
5645826824,0
8195709448,0
11072599314,1
8716280530,0
3911466727,0
1482839626,0
12391704,0
4106236152,0
3790578297,0
5139738217,1
2558277571,1
3974118868,1
94743149,1
3169836038,1
4862648505,0
5153189074,0
11814300355,1
4485730802,1
236754582,1
7773141506,0
8978236217,1
359590097,1
7149588241,0
4551421490,0
3587274629,0
103001360,0
133576308,1
5989522932,0
4640562537,1
486497208,0
26096950,0
6084501927,0
4084394159,0
8876451278,0
2934362552,1
865162029,1
642026090,0
158291030,0
5401117463,0
5260113359,0
8169680065,1
3508736120,0
869203228,1
5910547112,0
4296261710,0
3560947849,1
4621018235,0
6802685897,0
3623716145,0
7044105657,0
6771982533,0
6024477215,0
848107353,1
2707879546,0
6369682083,0
9736584454,1
4934005927,1
9077731989,0
3945412949,1
5382803958,1
5152801816,0
4604904247,1
4402627727,1
8601843416,0
6110903857,0
5351545770,1
4961042929,0
390445538,1
280611244,0
7519312,0
8387067320,0
2238641646,0
2671875414,1
3101052936,0
511711283,0
6476463859,0
5614221543,0
3063109477,0
2581529249,0
8293355562,0
4627185637,1
362364209,0
5354721956,1
3239396283,1
5633754452,1
6367811171,0
5182671077,0
3479544631,0
5367728502,1
5827531214,0
2407548956,0
8022953089,0
23172605,1
4444414482,0
299571227,1
580691308,0
4986650189,0
5532628131,0
3861454840,0
5351900858,0
5990980558,1
4436776336,0
5535924662,0
5867535920,0
12564974,0
2773793880,0
7226743658,0
6125223616,0
2217041031,0
2265794221,1
2103670499,1
292461758,0
6089872891,1
7177969311,0
1351762295,0
3560594720,1
2900564448,0
7364374464,0
5569293853,0
8155031913,1
8289197183,0
5356622272,0
6849290452,0
5348809889,1
6306631771,1
132772686,1
3343000790,0
2941777411,0
11609299543,1
341860846,0
419859758,0
169235324,0
3049739913,0
864229450,1
2865824671,1
9240817223,0
2794826688,1
5601387963,0
7772161048,0
12389527884,1
1482205786,0
512764085,0
432831113,1
7491294004,0
7558323770,0
435697545,0
6771551199,0
462309478,1
5241026522,1
6115938059,0
5700839283,0
6143103084,0
2214755846,0
8086097779,0
565171628,1
6131414828,1
5871768951,0
276024202,0
13922354841,0
9183682704,0
6199065378,1
8997742088,1
6332113842,0
10361644863,0
4106407254,1
8390743596,1
6113475671,0
2313782864,1
13543603295,0
5315421837,0
659899250,0
7095791823,0
5150581239,1
8321062979,1
319797026,1
513660891,0
322178679,1
7300207044,0
6896871333,0
4547976454,0
4884000636,1
8290382069,1
6559901375,0
338918919,0
6362152809,1
6965112131,0
6532354,0
8159166202,0
5934281381,1
3920732291,0
8482989506,0
3000894369,1
4473190382,0
9786704075,1
3418812557,0
375265255,1
6991192589,0
8878501011,0
2875178007,1
5647628384,0
21676426,0
3438741189,0
1236011599,1
8236076090,1
2124940293,1
417132937,0
347960340,0
7542014784,0
2175497540,0
6996755990,1
6383816355,1
8141623236,0
4482869666,1
4644963072,0
10822903026,0
3734865087,0
3436964732,0
5351427048,1
5043249796,1
12140165726,1
475477355,0
2345934613,0
3153518275,0
264031193,0
8682810697,1
8893110041,1
325024829,0
6792587217,0
34429063,1
5521153287,1
8147765812,0
3994131191,0
6846727418,0
6331086947,1
5354199620,1
3881753841,1
902635331,1
4862990642,1
2862703348,0
224448463,1
2561293182,1
1661754957,0
5670080509,1
12075601576,1
75950183,0
2857314051,1
302716859,0
5710865127,0
4828718012,1
2922201102,0
9254049843,0
303990077,0
3086177,0
3986789721,1
4431105030,0
448786405,0
447833309,0
3791440757,1
6166091686,1
248375930,1
7515963104,1
7373765848,0
4465553524,1
8366061786,1
4891447017,0
174427576,0
5672543807,1
3491020256,1
1141776480,0
6346258878,0
3151287005,0
189608277,1
5713292969,1
6205828577,0
13413465953,0
2383569342,1
9139213343,1
5348127390,1
8908738135,0
2540947690,0
2846972544,1
5994419214,1
858809622,1
364721557,1
3393144081,0
403771168,0
2777771479,0
6089127189,1
435301217,1
345470793,0
6101246089,0
3306670410,1
3906222532,1
8170431690,0
5220260157,0
8140181488,0
407960551,1
4249231146,0
4441535204,0
8142981070,1
185972605,1
2163909943,0
4613491872,1
3459600610,0
2389816756,0
5342081681,1
4853031098,0
6228884520,0
8754615622,0
2245583714,0
83710774,1
9740979005,0
4898137022,0
2909548515,0
4450639574,0
241794863,1
1130625291,0
4534914905,0
1022290052,0
317377350,0
13584346743,0
7174751353,0
3384100514,1
3501049410,1
10676625834,1
251171329,0
48950050,1
470827635,1
8135408260,1
11230620,0
5376143552,0
8027897352,1
8223123611,0
12438985075,1
399112918,0
2609800714,0
3910795806,0
1112699047,0
1206633473,0
8237980901,1
833850856,0
2786954869,1
11742188375,1
4119939244,0
2239410796,1
3562907244,0
6705409295,0
5681585835,0
5628514301,1
17121625,0
8026164803,1
20388278,0
1503515259,0
9123854093,0
2674673263,1
2113827703,1
4987588624,0
12821342,1
7347989662,0
3741444062,1
707836785,1
8949614699,1
5694391484,1
7949275126,0
9112370286,1
6366039797,0
5445023783,1
4480139495,1
3115898878,0
383896888,1
2105178551,0
4499738656,1
3875202384,0
313165545,0
2590722208,0
4406139152,1
5211320815,1
5660498053,0
1129924462,0
4425203859,1
5109800599,0
2569458572,1
4477136838,0
153308248,0
2988258,0
5047231011,0
10307302513,0
6408482473,0
3784803902,0
257585332,0
5995653198,0
7180329613,1
2066612887,0
552029886,1
6109078585,1
5359513677,0
4121202341,1
5741526480,0
2976939531,1
6328660843,1
3459608139,0
184311023,0
4485052900,0
4657574364,0
6886868840,0
149464840,0
905175156,1
4836113021,0
148466782,1
8216299611,1
4242977075,0
4097602287,0
4824065669,1
4094585707,1
552156452,0
1253219842,0
1403158705,0
5016664013,0
3149567378,0
23483289,1
1401269849,1
8554986051,0
2574171506,0
3725927381,0
3702150883,0
84042536,0
5757001199,1
4529529922,0
7910580230,1
4114757258,0
173134582,1
3629389715,1
12843029264,0
3077372661,0
83655338,1
2876113180,1
5353632636,1
8854304909,0
6149836163,1
3649086435,0
2186588573,1
5408069810,0
2856371823,1
7642029050,0
9110411922,0
5458195649,0
6978240712,1
49626246,0
1544938764,0
2618734383,1
4462483142,1
3720108713,1
2564653760,1
4704807624,0
3170643057,1
6092750423,1
3478882568,0
4928253616,0
5354402593,1
3320962924,0
6206670802,1
75588270,0
12435292583,1
2853889388,1
5313212501,0
9156991284,0
3192942633,0
5069872563,0
8448083766,0
2999418356,0
7702317322,0
5819106126,0
408219021,1
5350629344,1
6091111560,1
2075349228,0
3569089243,0
7013895325,0
4188387655,0
3753272431,1
4583285442,1
7724997582,0
2550690454,1
2895925657,0
5052908324,1
5101492398,0
3717768974,0
5298092510,1
7005671271,0
3840233887,0
4918853416,0
10018187456,0
9705814379,0
147160837,1
4744075874,0
4109533444,0
10144679576,0
5826881864,0
5024924486,0
5209163001,1
6387866881,0
3519172032,0
2863914175,0
5350723785,1
2133281116,0
2700358073,1
11903441555,0
8446704723,1
1055839544,0
80834553,0
5672746847,0
10074303973,0
5896526062,0
343872108,0
10410171083,1
9359755943,1
2656197585,0
3242586944,0
8643882165,0
5596659151,0
8129940643,0
3942792244,1
5896947000,0
2874029979,0
239408066,1
442176734,0
2757212117,0
5669973317,1
1312593202,0
2569910968,1
3001441992,0
3421394920,0
2124128973,0
8293176202,0
9129774281,0
5596928161,1
2857037438,1
3084924383,0
3529606786,0
3561876577,0
12442080033,1
3974074873,0
2544253768,0
5011410054,1
2818133395,0
452833426,0
9817171155,0
11241196075,1
8584970145,0
217078398,0
4147400499,1
5196416546,0
5893636276,0
1174035340,1
848613859,1
4458501759,0
8316118376,1
5432040970,0
7835848384,0
6098671711,0
5167905322,1
410449220,0
3736465762,0
2165209975,0
171094998,0
3515458532,0
6067933425,1
295221856,0
293590013,0
8184098580,0
8856895721,0
5784362603,0
942249640,1
6744049765,0
5603664181,0
9206046181,1
8318669058,1
6023553191,0
3946097703,0
8397413973,0
4899614525,1
136828958,1
1463752859,1
7816357436,1
6236233332,0
22336052,1
101420188,0
5517643517,1
3270275768,0
3577853856,0
4300066188,1
5291448029,1
314860230,0
9736907676,0
143964192,0
5205939877,1
4291909303,0
3966935231,1
8543096416,0
460734243,1
3996262274,0
8692893693,1
5387180595,0
1111490,1
7092215479,0
3642423557,0
8407565217,0
4370468500,0
4394386486,0
2199290497,0
5990351436,0
4695810775,0
536878427,1
7061315007,0
4096461073,0
3735985081,0
4371903878,0
4867822002,1
3218691,1
10113764636,0
36813614,1
8418165992,0
4169408,1
13400739905,0
260378878,0
5065180638,0
503557531,0
2060688896,0
2054357985,0
5609425606,0
4824277270,1
2496150606,0
4408168829,1
2380427182,1
6147251195,0
403901533,0
571963457,0
2737510401,1
4330629551,0
2147259099,0
4594685931,0
6237173683,0
6195664164,0
8446830660,0
5550676523,0
5016726517,0
2534788213,1
8462606710,1
1212922885,0
17833246,0
2691160332,1
5791219089,0
233170889,0
3867465994,0
7930416068,0
1226858057,1
5477102329,0
909610739,0
1542063887,0
13489973354,1
12251741096,1
5758520330,0
5196100368,0
12390242283,1
1557871888,0
12327756165,0
146991335,0
5144830164,0
11801420033,1
2857854229,1
94096576,0
8185631263,0
3468541420,1
12717539454,1
5328404307,0
2361114174,1
127160240,0
7549806034,0
2185846434,0
13154146484,0
6130854258,1
2218488923,0
7081494689,0
1032231172,0
3928181099,1
3182836172,0
871143428,1
510103650,0
2536198195,1
3298740850,0
2833173970,1
6305749105,0
4526808230,1
4810948968,0
6130540999,0
6196694128,1
10018988015,0
2807411443,0
1021885313,0
360242188,0
8063849624,0
318513048,0
6449115883,0
204103649,1
336690192,1
9960400403,0
1285611720,0
1827534805,1
3517588270,1
4138214095,1
32385163,0
2051723145,1
3672831545,1
11773304406,0
5895254179,0
246689270,0
40233120,0
4511834523,0
3791334020,1
6981764380,0
8928498892,0
3395964145,0
5073726346,1
7553484000,0
8424799670,1
3284227211,1
2582681334,1
2558207503,1
130382256,0
4957408003,0
4629188529,1
4827466697,0
7176338105,0
4435677621,1
99033889,1
4494156745,0
7022186639,0
3717196600,0
3059787831,0
2830876559,1
6093165806,1
5162182374,0
3991920962,0
69716189,0
3062862478,0
105579002,1
4187500266,1
5720282657,0
2636010987,0
496319700,0
8444677747,0
2382277505,0
137204421,0
178127767,0
50563177,1
7466614144,0
3407465437,1
12570644924,0
9734090587,0
6350058448,0
96061976,1
8659660855,1
3140275091,1
6069291840,1
1303026670,0
1474766650,1
2198547045,0
2447556842,0
8027627212,1
5580200185,1
895089815,0
8124747817,0
5741441648,1
634288549,1
125226017,1
477710223,0
4097069695,0
88197268,1
2870032603,1
4646131460,0
250302413,1
8549949979,0
4141394264,0
3973977438,0
391305062,0
2932219132,1
7323779844,0
6209096604,0
3320299338,0
318190422,0
4239582572,0
361554296,0
2629465078,0
4630849843,1
3142824715,0
978482779,0
2319010683,1
2627637547,1
5523046520,0
6980566950,0
5676579637,1
12572763905,0
2957539064,0
31623945,0
4613907392,0
334751524,0
5959236810,0
5615985023,0
5373910685,1
6015832020,1
2174521669,0
4024510690,0
31081262,0
5829687893,1
5596534584,0
9349393459,0
3326325106,0
3874880680,0
2870141529,1
3568526758,1
2803890125,1
4929464478,0
4194363255,0
15015279,0
3105509093,0
3976677482,0
2737430394,1
264324691,0
8264063213,0
8291994138,0
2732460507,0
3723288867,1
7119030455,0
5899079400,0
453680734,0
8224248229,1
7972151194,0
5664294615,1
7696247252,0
6090852253,1
4693267300,0
2957291016,0
9424722281,0
5615649324,0
305164822,1
2561316139,0
6410884549,0
3267029887,0
6094186996,1
4106663707,0
2395069117,0
2343030787,0
5518445216,1
768231184,1
53856889,0
6305139865,0
8418659620,0
4030256760,0
5381190602,1
352182527,0
5727215082,0
3938243147,0
3280810672,0
8139215,0
183711244,1
6038865114,0
367492580,0
5582885583,0
3046090361,0
9132254590,0
1065893976,0
3930964776,0
6046090088,0
6712727127,0
12743402885,1
5956369595,0
4373481351,0
1250223053,0
7908882572,0
55530364,1
1376705989,1
6453331689,0
5543028285,0
3735767976,1
5259716269,1
5353381965,1
9476206805,0
4675655329,1
3515301521,1
4125667029,1
4291146922,0
10235354025,0
11753122834,0
7067871329,0
4355573907,1
2879466958,0
11621062415,0
4279912758,0
3746696335,0
4121336017,1
668275307,1
189085077,1
649946073,1
2417895360,0
8057810511,0
1118746556,1
4826376634,1
1150433098,0
8273942620,1
4061917185,0
8202594436,0
5080794103,0
9641769551,0
98378232,0
506808487,0
5810971098,1
1242377129,1
623335297,1
5417874331,1
624208918,0
2947522483,1
4835212681,0
2856999210,1
4052754790,0
2535428583,1
1343641026,0
2600798468,0
6236561516,0
5251062810,0
11891573354,1
5175328881,0
3823274228,0
7628640782,0
14339946,0
8206741508,1
177193666,0
4293748274,0
1896056602,0
8879453226,0
4583260214,0
9519962149,0
344213980,0
6257198620,0
9710654791,1
5704022983,1
3493561893,0
8936453384,0
8997719165,0
12175309694,0
6615591649,0
5219991155,1
6596516005,0
6130158215,0
1207423618,0
3329017736,1
832180753,1
5460716088,0
5351348911,1
4611676161,0
11092611034,0
5805399174,0
3608557887,0
7900648116,0
2123109480,0
1316755922,1
2579396370,1
3016475312,0
6096890720,1
2295819484,1
9131975081,0
120454059,1
6147844462,1
542640146,1
11895089223,1
3388386708,0
2105243869,1
3101445582,0
399130809,0
898404934,0
364917415,1
5365244440,0
4287095021,1
1251170184,0
7541784188,0
2889394969,0
3523376002,0
2065337857,0
6379772251,0
2720391232,1
3182806259,1
4050082108,0
216996035,0
6127899609,1
5661472357,1
2651382375,1
3231834447,1
8258383577,0
201480474,0
4629292615,0
5769621840,0
469220575,0
1178362425,0
8311510480,1
4572947025,0
4082485932,0
5658371172,1
2855884592,0
976631471,1
2365148178,0
2127601010,0
2473540614,0
3348273231,1
1887167286,0
11177446043,0
5778426848,1
3636220333,0
4435581762,1
3700679391,0
6342197858,0
4009290119,1
6296155670,0
3301251268,0
2926371089,0
299741470,1
281612349,1
5711309247,0
16212989,0
5320287259,0
6086115912,0
4421805350,0
7175464526,0
2529469403,0
10411144663,0
4521618590,0
5359543794,1
624803574,1
2747641226,0
2233545948,1
4124800672,1
5343316866,1
8283277938,0
2083627592,0
3229793112,0
2172884582,1
869956256,1
4223782567,0
5867176791,0
8138339390,0
272472420,1
3454809058,1
7973068004,0
13453993523,1
2885529519,0
4048979044,1
4615963454,0
2221902062,1
485167819,1
406451926,0
8852105144,0
3683302240,1
5597265293,0
6835331935,0
2316490024,0
2933851994,0
284092969,0
7313444344,0
631373625,1
5077423927,0
12637230985,1
7557392604,0
4526888389,0
2353489056,1
1834585394,1
8143432105,0
3064871211,1
11756862833,1
11270112085,0
6235972509,0
5768728533,0
9163754454,0
214321638,1
6296705641,1
6234795572,0
4279299833,0
4714188504,0
6349158852,0
366546642,1
3401427786,1
3837253732,0
863980301,1
382497843,1
12254932384,1
44665890,1
10220950205,0
6601452085,0
221870324,0
8936097818,0
5358045541,0
8193563213,0
5305179951,1
8951746657,1
4488223803,0
12211401066,1
8077911205,0
177276688,0
251102103,0
5916859373,0
13154355845,0
2438085350,0
4971207826,1
239925615,0
3672179047,0
5358714644,1
2234856745,1
5354118040,1
17190587,0
563342825,1
2428088666,0
6812546156,0
11871447084,1
4677753546,0
13362448195,0
8473631391,1
3752078363,1
4827390236,1
3806107919,0
3031027673,1
3672102816,0
8734072,1
8216842923,1
3505158978,0
9166849806,1
380319477,1
561134134,0
513682004,1
110113825,0
10791364715,0
8745323774,0
477906193,1
5418949869,0
1736899649,1
5332752875,0
5820884164,0
6005220921,0
4446360105,1
420894893,0
432902461,0
308011940,1
9445698140,0
8432573599,0
2487412301,1
4675116247,0
13868675304,0
7598508868,1
78186871,0
3063554571,0
3180269339,0
3543364841,0
557957264,0
2823198008,1
3397121955,0
3122915130,0
3882551174,0
13814222654,1
6507517943,0
409118794,1
5438569309,0
3841485491,0
3672434560,0
8191799217,0
11729833165,1
8972246882,1
4467338343,1
2578486624,0
5751041495,1
4944878563,1
5683281274,1
1129987790,0
462133339,1
9655649471,0
7654530672,0
6088750153,1
2160165233,0
622433412,1
317872256,1
5568649338,0
2716259563,0
9325553263,1
326432181,0
6098677223,1
4875125067,0
80048386,1
7433747408,0
3189771460,0
2857051137,1
7328035026,0
271581245,0
5360753707,1
879256582,0
6993886123,0
2266030478,0
7914746776,0
4489769211,0
8027229968,1
4040735376,1
4295673204,1
2817721291,1
3869203739,0
624611188,0
4003282825,0
8231929776,0
2857956800,1
2515383234,0
58132002,0
443112610,0
365894347,0
4578525921,1
3131775981,0
4463507310,1
3281332560,0
6760713577,0
4386300382,0
5499424213,0
50429279,0
1568960209,0
6090491837,1
3855031604,0
14976916,0
252672232,0
571413600,0
2859522594,1
75879647,0
3863803113,0
6514046205,0
8443945875,0
1008213420,0
558115541,1
6155767011,0
4314162271,0
4148222715,1
5355181785,1
6398290585,1
287507689,0
755659544,0
227089232,0
13857163395,0
175091481,0
6324415142,0
5826833351,0
4119231791,0
216875704,1
8077158904,0
8730772571,0
7181085246,0
169199808,0
2764866605,1
7301483312,0
25826267,0
3497806083,1
11570723473,0
6906675208,0
77821592,1
7886367716,0
4727355045,1
441125149,0
18539851,0
3164147085,1
5135183207,1
10308717993,0
3921448456,0
2582009838,1
6007950179,0
4310890613,1
9053289794,1
4522185008,0
6281261792,1
2356765481,0
98941520,0
818467648,1
322612313,0
3825689640,0
6293184934,0
8563137440,1
8096981172,0
4466166430,0
4283320358,1
4892732099,0
3625194631,0
3278435413,0
9317397101,1
3235429251,0
5342324776,1
1409699737,0
488722111,0
9946916993,0
2874663596,0
5621350716,0
559716438,1
2715443230,0
10748484913,0
9382844349,0
3162210829,0
91332977,0
5777849881,0
3790492742,0
6890887246,0
10250006225,1
3993507285,0
6732380203,0
11861356045,0
1478933371,0
3517801042,0
3973718595,0
2874054542,0
2553625055,1
9121804517,0
260451483,0
3522045121,0
6306491142,1
9182729545,0
914258750,1
9218227330,0
462826444,1
3170564216,0
5613210104,0
4305779487,1
7129061529,1
6346755621,0
5690245741,1
5641925972,1
3147871403,1
3730109853,1
4000057002,0
5418924903,0
4046666821,0
4997581383,0
2108454424,0
590954159,0
52484134,1
2372104136,0
5190112186,0
2854976904,1
3858250560,0
4119420456,1
7810936072,1
132961096,0
6302882965,0
4628312560,0
498353333,1
868414100,1
8337743373,0
4137657561,1
8545432060,0
2223734081,1
2858638838,1
497365012,0
115131182,1
355251706,1
3416004754,1
293589451,1
5536100037,1
3679377075,1
8390893689,1
8596813866,0
2668403478,1
172803324,0
7719188582,0
2192140300,0
5576433883,1
2739411042,0
6154373377,0
3044911557,1
2955802440,0
4035299163,0
302068181,0
6732684105,0
5588686226,0
11676028706,1
5987428239,1
11600659214,0
4954885467,0
214499044,0
7561612724,0
5380498156,0
2832701481,1
119899146,1
2233227160,0
9544196942,1
3507278799,0
11998402836,1
135948809,0
217010445,0
4476808383,0
247550619,1
75543968,0
5015090272,0
3233258497,0
4826792790,0
2623850858,0
9207899626,0
4780343371,1
8677141671,0
6079254017,0
3566948754,1
4953517791,1
8499757349,0
12457914633,1
6611053907,1
500703155,1
9162744571,0
2208893218,1
122269504,1
412937094,0
3667108131,0
3527410233,1
8145373154,0
167192424,0
2347111858,0
4426723868,1
5565693998,0
8752752659,0
9420856434,0
519783240,1
5086901447,0
298209437,0
11347991,0
3226057118,0
3997937288,0
2422904728,0
5922283036,0
8145485046,0
5212518440,0
2665864757,0
3048942172,0
8148406705,0
396148362,0
2557260636,0
107833185,0
192782853,0
2440250506,0
4410625930,1
5548355626,0
5015579917,0
4781062967,1
6190623486,0
5415678353,0
9889870576,0
3595468464,0
5377821103,1
8098797133,0
95442695,0
2853663223,1
9311992892,0
514826675,1
5784486492,0
6036675465,0
5039206332,0
2079895921,0
231944056,1
2657007526,0
9109746053,0
6090269121,1
9762852342,0
4401798367,1
4433027850,1
2125550498,1
2253305204,0
2481944299,1
4303171923,1
12277297423,1
4799507228,1
8846731049,0
6875752666,0
1167243571,1
7414793950,0
4210832825,1
1202469351,0
2927947726,0
230208739,0
179793105,1
3325527315,0
5107436435,0
5237846520,1
6098772102,1
4827604519,1
194005491,0
8227477260,1
6180525202,0
10086326815,0
5047275809,0
3823024617,0
8056715672,0
5565869363,0
4708592969,0
6116388729,0
4150753405,1
382198666,0
8383866549,0
8227460389,1
3546382411,0
3102624167,0
731175869,0
7062221103,1
2569071173,0
2036200241,0
864136428,1
185863225,0
13237265014,0
4495634013,0
9245194614,1
15487967,1
433951625,0
1277619366,1
2820125259,0
10159166114,0
450050454,0
36205416,0
186224336,0
5329268249,0
5552543190,0
2612526971,0
3638708693,0
7304092062,0
161518407,0
4256662168,1
8032408989,0
3800715812,0
2822548860,1
3199393388,0
4238125431,0
8285121142,0
2281623820,0
3962963776,0
2970387183,0
3665072300,1
8421777547,1
2617755275,0
86214402,1
203303737,0
2785622190,1
148318225,0
11667730174,1
283258827,0
6237214134,0
7612273032,1
2672129191,0
6187173548,0
9644709343,0
5647922261,1
623886408,0
8175889837,0
2352830241,1
6259205681,0
2579325514,1
4693174927,1
4699351114,1
5236780445,0
5180752719,1
3317108785,0
55521225,0
10781762034,0
4410478090,1
233021739,0
9865710066,0
6370473135,0
9704506941,0
103924632,0
180852862,0
7747537308,1
5444157450,1
6905804552,0
6678145659,1
6804473682,0
5349556728,1
8161018106,0
3979996198,0
5787314923,1
4837673050,0
15568065,0
3380088460,0
6424527959,1
5594602350,0
852984569,1
3342797833,1
2585600961,1
5437740719,1
565682921,0
5646054830,0
3711058664,0
9313608023,0
8442533869,1
7424209210,1
6089021749,1
4138290685,1
4319348652,0
477249228,0
8005764001,0
276782460,0
2217205497,0
6953774030,0
8399085663,0
6121213576,0
8441129451,0
2183184557,1
11614049385,0
5172847145,0
9680959394,0
3637821420,1
4234546143,0
2578201574,0
10706899626,1
4511273170,1
7173698316,0
2543642013,0
930495342,1
5211974267,0
3187431076,1
461552579,1
5886514213,0
6113103656,1
4065300172,1
5978659272,0
953086984,0
10652650106,0
502437676,0
8652393032,1
781616816,1
5482769740,1
2709421443,0
417934763,0
632323551,1
294395287,1
9789299785,0
4060380702,1
6970515548,0
6257503582,1
7243333100,0
4905716048,0
9375555412,0
8138396480,0
6118261323,1
13492216174,0
1307619908,1
5377180344,0
9217272586,1
200792221,0
141720484,0
3565933077,0
5253464797,0
2707442159,0
9601047677,0
3232098624,0
192450971,1
5584915077,0
1434317084,0
4826227478,0
8083011491,0
123581097,0
2098306069,1
3469708108,0
8018879126,0
4477966858,1
889497114,1
4027637090,1
51846326,0
27738373,1
12094798213,0
7639872164,0
3324046302,1
172367110,0
4577381138,1
415219875,0
1401283939,0
5964788027,0
4101471178,1
39956306,0
2696553649,0
4418628457,0
2713256533,0
9536071958,0
689489187,1
3429297943,0
8259645296,0
8486087466,0
4279615180,0
6294177630,0
2087761345,1
3293173940,1
2385050507,0
2361389153,0
3598665615,1
5491626230,0
179494281,0
5388309586,0
5921828107,0
4025659033,0
3661136346,0
50545471,1
3826197907,0
3789460421,1
4317313988,0
8175323681,1
2365711269,0
4000664694,0
1082786866,0
1447454566,0
9523125477,0
6359555185,0
3177677963,1
7577731556,1
5415953836,1
4979091697,1
15323818,0
6294249304,0
3259906543,1
5060952152,0
7879899510,0
177370795,1
2853544358,1
4204159473,1
6264891623,0
13583556174,0
2645817518,0
3803032242,0
5232447250,0
91469175,1
2071367798,0
1065552462,0
2593966075,0
3638885005,0
4624445299,0
53327844,1
468738939,0
2084508101,1
5605931032,0
3858665905,0
3932610495,0
8507072235,0
12839463214,0
8072871351,0
4832569886,0
4447720945,0
8487307415,0
4889808163,0
463971449,1
3801458060,1
7337246250,1
1443912595,0
6646407989,0
7539588868,0
1823279375,0
80612522,1
2268582059,0
9278487940,0
7654009992,0
4616684561,0
199749489,0
6888760800,0
2975790606,0
4783414427,0
8374172548,0
4285378195,0
9172402359,0
4554427797,0
3531444960,0
4753047623,1
13466348244,1
3439017130,0
397097162,0
216920194,1
12529222583,0
223594523,1
12537994203,1
5184417022,0
5368052989,1
6814063697,0
6681676043,0
2714678545,0
5241233955,0
498932778,0
8673602805,1
4095519787,0
2317064320,0
7145225763,1
859208695,1
4093466146,0
5296908310,1
3469080351,0
8143328087,1
6759439383,1
5771190079,0
2426378174,1
182805012,0
2195621660,0
12610820625,1
6974722077,0
3103913968,1
6732549185,1
9068448094,0
4575372753,0
5333696468,1
8664400366,1
3774150248,1
522526965,0
12569070525,0
12994567165,0
2822715741,1
4615846185,0
3393861069,0
4927515895,0
5539911191,0
4706207937,1
3662678,1
8158426494,1
5760210598,1
5576959780,0
904791055,1
9538001941,0
860095704,1
9233875706,1
6278088132,1
5527786842,1
6012719023,1
8635675542,0
3449775554,0
8826967966,1
2023091288,0
2647853598,0
146800815,0
1925042976,0
166075646,0
6761189907,1
6225974326,1
5698126754,0
538474536,0
8302292527,1
2566114190,0
8139484005,0
6372186975,1
6284498914,0
4734613506,1
8027148297,1
6520318437,1
4689318248,1
62053155,0
50409791,1
6232638045,0
194982982,0
367888838,0
6178520448,1
3755850961,1
3900459111,0
8566423562,0
5506450117,1
103405350,0
4945027807,0
8421891814,1
9431162519,1
1216866852,1
8651854292,0
61449688,0
292092926,1
5273855570,0
4902302934,0
7678881142,0
4227796002,0
230436772,0
23806861,0
5752753395,0
9637997598,1
3939065031,1
8968166202,0
284369877,1
6277225895,0
534450856,0
5385133852,1
6606338989,0
2644487412,0
6900829778,0
862109162,1
3722608241,0
6362025339,0
9070064677,0
9181851896,1
294831491,1
11238574886,0
2956430980,1
464608364,0
7082825751,1
3705701044,1
11864530073,0
2786036600,1
1019801576,0
8170261635,0
6056198660,1
9057841981,0
5262757829,1
3675551431,0
1560121689,1
6091068465,1
2843567543,0
327848397,0
11370566015,0
6705286115,0
8305323416,0
76209770,0
565807734,1
13322895174,0
97163523,1
7520315140,1
626887664,0
6205586718,0
1290649858,0
5400122193,1
12527440123,0
7338661304,0
4877522232,1
4577980145,1
517045174,0
6035322096,0
268651120,1
2753208446,0
8142697903,0
2874030572,0
5131935046,1
5929984168,0
6647183045,0
5122482290,0
2286439837,1
10727186713,1
2321868976,0
9013867122,1
5960024457,1
3944903861,0
4518194770,0
1497066301,0
926160058,0
108341464,1
623902788,1
5677830441,1
8334177117,0
1273706873,0
5600001425,1
2645812175,0
8694360212,0
3419773032,0
11578567156,0
2403011149,1
627414653,1
575983049,0
7304131224,0
2892801199,1
5277135526,0
4671920266,1
3365010984,1
5597748804,0
4669260179,0
9092475572,1
40925082,0
1896977010,0
8524202003,1
4984239525,0
8227091800,1
576771120,0
6839724835,1
2685236025,0
7017312597,0
2635663849,0
11587645695,0
4436817974,1
6862229265,0
637543716,1
2808533407,0
3203431116,1
7129619857,1
1343249364,0
3680181403,0
5366325629,1
5260352952,0
1083097899,1
858912047,1
178014330,1
9647444599,0
3346933339,1
27993900,0
3338442894,0
442819316,0
359459042,1
2960070418,0
133697427,1
4482765543,0
6627602249,0
127359145,1
5521888644,0
1173394968,0
5068930570,0
2559330289,0
2600491532,0
3472737603,0
304291531,1
5728814768,0
181750506,0
7950823362,1
3543761261,1
4292310556,1
5857049098,1
2586530113,1
5924738606,0
6356708909,1
410928216,1
7730779920,1
682734218,1
6311022360,0
3275886112,1
358074293,1
4456431414,0
2664443189,0
313250186,1
12542066813,1
8998681826,1
2459830909,1
5831604238,1
2057413293,0
9241698101,1
661368190,0
7529142898,1
180618058,1
440387564,0
6823315594,0
621684873,1
1214351185,0
4427057992,0
1381365672,0
6615727671,0
178065731,1
13426907625,0
6686377669,0
370223931,1
5610755781,1
6167645161,0
3539514454,1
5990944938,1
4777890763,0
2376076207,0
3351858863,0
8183242572,1
12635537324,0
2326879426,0
4995541796,0
6088773321,1
2765367689,1
4652582718,0
6131454542,0
7344428408,0
2848601925,1
3518865241,1
695224290,0
2516148542,0
9205172581,0
3604625677,0
701402410,1
6452445359,0
4918284693,0
11221466,0
3750408169,0
8938099885,1
3991100399,0
4649059745,0
3642021341,1
320790299,0
4206386916,0
9326702169,0
1351448714,0
7126749891,0
13115274915,0
12412689904,1
4141155768,0
425063248,0
615203098,1
83199866,0
12505628754,0
2699535539,0
6668088099,1
365123100,0
8236197766,0
2451038687,0
3150632120,0
419854791,1
27276252,0
8090836475,0
146778729,1
3780823089,1
4891401206,0
5357525346,1
4435972759,1
9434775165,1
2691025644,0
4268422652,1
90072937,0
4997539302,0
6624755801,0
4161130376,1
8960321271,0
6830425892,0
5284773846,0
11717282496,1
11538410894,0
2687033880,0
2835940377,1
6156471437,0
2618673288,0
2052975701,1
514262208,0
5710807524,0
3080953736,1
6864329638,0
5863899763,0
10037740784,0
8147762245,0
4688305400,1
284026576,1
1346587793,0
11632228216,1
5643417830,0
3351250070,0
2860011598,1
6870629502,0
15828184,1
85855991,0
3825744717,0
1805768957,0
2167458218,1
6980210844,0
4531635447,0
2810570633,0
4763391895,0
11036236926,0
5743388887,0
9476198762,0
4303516479,1
5999670275,0
421433602,1
7025820223,0
8139184800,1
302049488,0
8501869460,0
12251241,1
281304447,0
4322067504,0
5990522464,1
2982752784,0
3586398616,0
5374438490,0
11210237913,0
6089874137,0
86484208,1
5016023818,1
2741594408,1
5353008962,0
4014973872,1
5455824109,0
471833374,1
593529205,1
484322111,1
3822580530,0
8036780496,1
2167658838,1
5902623853,0
8119782888,0
6093294301,1
6791185487,0
9144682941,0
596012254,0